Filename,,,Blind,Visual,Visually impaired,Comment,,Assign value 1 in the category for which you believe dog belongs based on the results of the visual maze testing
16.wmv,,,,1,,,,
17.wmv,,,1,,,,,
20.wmv,,,,,1,Close to blind,,
20070210145009.mpg,,,,1,,,,
20070223132319.mpg,,,,1,,,,
20070227135000.mpg,,,1,,,probably it could see big objects,,
20070302122033.mpg,,,1,,,doesn’t move at all,,
20070308144052.mpg,,,1,,,,,
20070309160804.mpg,,,1,,,,,
20070311141354.mpg,,,1,,,,,
20070312140305.mpg,,,1,,,,,
20070420171115.mpg,,,1,,,,,
20070423142706.mpg,,,,,,doesn’t move at all,,
20070503144341.mpg,,,,1,,,,
20070503160507.mpg,,,1,,,,,
20070710180307.mpg,,,1,,,,,
20070717130915.mpg,,,,1,,,,
20070719184219.mpg,,,1,,,,,
20070719184337.mpg,,,1,,,,,
20070720165025.mpg,,,1,,,,,
20070921151336.mpg,,,1,,,,,
20070928184618.mpg,,,1,,,,,
20071105135154.mpg,,,1,,,,,
20071116152500.mpg,,,1,,,,,
20080102133723.mpg,,,1,,,,,
20080107130144.mpg,,,1,,,,,
20080111141736.mpg,,,1,,,,,
20080131145638.mpg,,,1,,,,,
20080214155214.mpg,,,1,,,,,
20080219192259.mpg,,,1,,,,,
20080221181159.mpg,,,1,,,,,
20080222134400.mpg,,,,1,,,,
20081027155213.mpg,,,,,1,probably had decreased sight,,
20081031170854.mpg,,,1,,,,,
20081104123844.mpg,,,1,,,,,
20081106124343.mpg,,,1,,,,,
20081106132506.mpg,,,,,1,there is no enough data,,
20081106140817.mpg,,,1,,,suspicious,,
20081117105729.mpg,,,,1,,,,
20081117164112.mpg,,,1,,,,,
20081120105249.mpg,,,1,,,,,
20081125111907.mpg,,,,1,,,,
20081128110242.mpg,,,,,1,Walks slow,,
20081215112334.mpg,,,,,1,Walks slow,,
20081223145927.mpg,,,,1,,Walks directly to its owner,,
20090105115951.mpg,,,1,,,Hits chair hard,,
20090108124601.mpg,,,1,,,Hits bucket hard,,
20090109191210.mpg,,,1,,,,,
20090120114621.mpg,,,1,,,,,
20090123122828.mpg,,,,,1,Seems unsure,,
20090123123012.mpg,,,1,,,,,
20090123151554.mpg,,,1,,,,,
20090126110954.mpg,,,,1,,,,
20120329012612.mpg,,,,1,,,,
20120406002638.mpg,,,1,,,,,
20120601212758.mpg,,,1,,,,,
20131120_164243.mp4,,,,,1,uses smell for orientation,,
20131123_105855.mp4,,,1,,,,,
20140221_132236.mp4,,,,,1,,,
20140515_123936.mp4,,,,1,,,,
20140711_124858.mp4,,,,,1,Walks slow,,
20140822_131700.mp4,,,,1,,,,
20140904_104612.mp4,,,,,1,,,
20140905_132014.mp4,,,,1,,,,
20141016_153628.mp4,,,,,1,Walks slow and hit on object,,
20150116_130548.mp4,,,1,,,,,
20150520_141835.mp4,,,,,1,,,
20150829_104056.mp4,,,,,1,walks aimlessly,,
20150831_161350.mp4,,,,1,,,,
20151016_114556.mp4,,,,,1,,,
20151120_113326.mp4,,,1,,,,,
20160520223156.mpg,,,,,1,Try to smell objects,,
20160522221127.mpg,,,1,,,,,
20160525211416.mpg,,,,1,,,,
20160525213136.mpg,,,1,,,,,
20160525213434.mpg,,,1,,,,,
20160527235156.mpg,,,,1,,,,
20160528001053.mpg,,,,1,,,,
20160605214326.mpg,,,1,,,,,
20160612232630.mpg,,,1,,,,,
20160710221331.mpg,,,1,,,,,
20160731231833.mpg,,,,,1,,,
20160828215838.mpg,,,1,,,,,
2017-10-23_14-15-22_000.MOV,,,1,,,,,
2017-11-07_10-03-44_000.MOV,,,,1,,,,
2018-02-19_11-41-30_000.MOV,,,1,,,,,
2018-03-06_09-19-39_000.MOV,,,1,,,,,
2018-03-20_11-31-20_000.MOV,,,,,1,Try to smell objects,,
2018-04-06_12-13-43_000.MOV,,,,1,,,,
2018-04-13_11-09-53_000.MOV,,,,,1,Walks unsure,,
2018-05-11_15-06-40_000.MOV,,,,1,,,,
2018-05-14_09-08-01_000.MOV,,,1,,,,,
2018-05-14_10-59-29_000.MOV,,,,,1,,,
2018-05-14_12-58-06_000.MOV,,,,,1,,,
2018-05-15_10-45-55_000.MOV,,,1,,,,,
2018-05-18_13-53-49_000.MOV,,,1,,,,,
2018-07-13_10-34-02_000.MOV,,,,1,,,,
2018-07-30_11-12-38_000.MOV,,,1,,,,,
2018-08-03_10-19-05_000.MOV,,,1,,,,,
2018-09-07_09-24-20_000.MOV,,,1,,,,,
2018-09-07_11-03-09_000.MOV,,,1,,,,,
2018-11-02_13-53-45_000.MOV,,,,,1,Seems to smell objects,,
2018-11-09_15-17-04_000.MOV,,,1,,,,,
2018-12-04_14-04-19_000.MOV,,,,1,,,,
2018-12-07_10-26-56_000.MOV,,,,1,,,,
2019-02-22_12-24-22_000.MOV,,,1,,,,,
2019-02-26_10-54-22_000.MOV,,,1,,,,,
2019-03-01_11-30-11_000.MOV,,,,1,,,,
2019-03-05_12-10-54_000.MOV,,,1,,,,,
2019-03-08_10-00-30_000.MOV,,,,1,,,,
2019-03-18_09-51-32_000.MOV,,,1,,,doesn’t move at all,,
2019-03-29_13-35-17_000.MOV,,,1,,,,,
2019-04-15_10-41-22_000.MOV,,,1,,,,,
2019-05-10_12-31-50_000.MOV,,,1,,,,,
2019-05-17_11-54-36_000.MOV,,,1,,,,,
2019-06-14_13-29-15_000.MOV,,,,,1,Walks very slow,,
2019-06-14_14-06-34_000.MOV,,,,,1,Walks very slow,,
2019-06-25_09-41-39_000.MOV,,,1,,,,,
2019-06-28_11-52-16_000.MOV,,,1,,,,,
2019-07-09_10-49-39_000.MOV,,,,,1,Walks slow and almost hit object,,
2019-07-09_11-20-21_000.MOV,,,1,,,,,
2019-08-06_11-16-27_000.MOV,,,,,1,Walks very slow,,
2019-09-27_13-07-06_000.MOV,,,1,,,,,
2019-10-18_13-07-53_000.MOV,,,,,1,Walks slow and almost hit object,,
2019-12-03_12-08-12_000.MOV,,,1,,,,,
2019-12-06_10-10-47_000.MOV,,,1,,,,,
2020-01-03_11-11-16_000.MOV,,,,,1,Seems to smell objects,,
2020-01-03_13-49-48_000.MOV,,,,1,,,,
2020-02-14_09-50-10_000.MOV,,,1,,,,,
2020-03-03_11-50-13_000.MOV,,,,1,,,,
2020-04-23_16-23-01_000.MOV,,,,,1,Walks very slow,,
2020-05-07_09-48-40_000.MOV,,,,,1,Walks without orientation,,
2020-05-21_13-19-02_000.MOV,,,1,,,,,
2020-05-28_12-01-34_000.MOV,,,,1,,,,
2020-06-04_11-57-49_000.MOV,,,,,1,Seems to hear owner,,
2020-06-18_10-20-08_000.MOV,,,,,1,Seems to smell objects,,
2020-06-18_10-53-05_000.MOV,,,1,,,,,
2020-07-03_10-45-54_000.MOV,,,,,1,Walks slow,,
2020-07-03_13-06-58_000.MOV,,,1,,,,,
2020-07-03_14-02-26_000.MOV,,,,,1,Walks slow,,
2020-07-09_09-42-15_000.MOV,,,1,,,,,
2020-07-14_13-26-52_000.MOV,,,1,,,,,
2020-07-14_13-52-42_000.MOV,,,1,,,,,
2020-07-16_12-05-17_000.MOV,,,1,,,,,
2020-07-17_12-45-41_000.MOV,,,1,,,,,
2020-07-23_10-04-15_000.MOV,,,1,,,,,
2020-08-06_13-09-59_000.MOV,,,,1,,,,
2020-08-27_10-02-37_000.MOV,,,1,,,,,
2020-10-15_13-19-55_000.mov,,,,1,,,,
2020-10-15_16-07-29_000.mov,,,1,,,,,
2020-11-10_13-56-37_000.mov,,,1,,,,,
2020-11-12_09-52-17_000.mov,,,1,,,,,
2020-11-13_13-24-51_000.mov,,,,,1,Seems to smell objects,,
2020-11-13_14-20-44_000.mov,,,,,1,Seems to hear owner,,
2020-11-24_10-32-36_000.mov,,,1,,,,,
2020-12-10_09-38-28_000.mov,,,1,,,,,
2020-12-10_10-20-58_000.mov,,,1,,,,,
2020-12-15_10-47-17_000.mov,,,,1,,,,
2020-12-17_16-40-35_000.mov,,,1,,,,,
2020-12-18_14-20-09_000.mov,,,,,1,Walks without orientation,,
2021-01-08_13-30-04_000.mov,,,1,,,,,
2021-01-22_14-35-51_000.mov,,,1,,,,,
2021-01-29_14-31-35_000.mov,,,1,,,,,
2021-02-11_15-53-10_000.mov,,,1,,,,,
2021-02-16_10-27-52_000.mov,,,1,,,,,
2021-02-26_11-22-36_000.mov,,,1,,,,,
2021-03-02_10-36-32_000.mov,,,,,1,Walks without orientation,,
2021-03-04_11-12-21_000.mov,,,,1,,,,
2021-03-05_11-46-05_000.mov,,,1,,,,,
2021-03-19_10-24-57_000.mov,,,,1,,,,
2021-04-06_11-17-15_000.mov,,,1,,,,,
2021-04-30_13-16-09_000.mov,,,,1,,,,
2021-05-04_10-37-33_000.mov,,,1,,,,,
2021-05-11_15-13-09_000.mov,,,1,,,,,
2021-06-08_13-33-05_000.mov,,,1,,,,,
2021-06-11_10-36-36_000.mov,,,1,,,,,
2021-06-22_12-29-57_000.mov,,,1,,,,,
2021-06-25_15-16-48_000.mov,,,1,,,,,
2021-06-28_15-18-37_000.mov,,,1,,,,,
2021-06-29_10-18-12_000.mov,,,,,1,Seems to hear owner,,
2021-07-01_10-53-08_000.mov,,,1,,,,,
2021-07-01_10-53-40_000.mov,,,1,,,,,
2021-07-01_11-50-16_000.mov,,,1,,,,,
2021-07-02_12-47-45_000.mov,,,,,1,Walks slow,,
2021-07-06_10-57-46_000.mov,,,,,1,Walks without orientation,,
2021-07-08_12-26-13_000.mov,,,1,,,,,
2021-07-12_11-04-54_000.mov,,,1,,,,,
2021-07-19_10-02-03_000.mov,,,1,,,,,
2021-07-19_16-16-36_000.mov,,,1,,,,,
2021-07-26_11-40-39_000.mov,,,1,,,,,
2021-07-26_16-58-23_000.mov,,,1,,,,,
2021-08-06_09-39-22_000.mov,,,1,,,,,
2021-08-12_10-32-58_000.mov,,,,,1,Seems to hear owner,,
2021-08-12_10-44-12_000.mov,,,1,,,,,
2021-08-16_11-49-15_000.mov,,,,,1,Walks slow,,
2021-08-17_13-39-56_000.mov,,,1,,,,,
2021-08-17_15-27-32_000.mov,,,1,,,,,
2021-08-24_12-56-59_000.mov,,,1,,,,,
2021-08-27_14-35-57_000.mov,,,1,,,,,
2021-08-30_16-22-06_000.mov,,,1,,,,,
2021-09-02_12-23-47_000.mov,,,1,,,,,
2021-09-13_10-28-16_000.mov,,,1,,,,,
2021-09-14_12-06-08_000.mov,,,1,,,,,
2021-09-20_15-14-59_000.mov,,,,1,,,,
2021-09-20_16-18-09_000.mov,,,,,1,Walks without orientation,,
2021-09-21_17-08-35_000.mov,,,,,1,Walks unsure,,
2021-09-23_11-22-50_000.mov,,,1,,,,,
2021-09-24_11-12-25_000.mov,,,,1,,,,
2021-10-05_10-04-26_000.mov,,,1,,,,,
2021-10-11_17-12-55_000.mov,,,,,1,Seems to smell objects,,
2021-10-12_10-43-00_000.mov,,,1,,,,,
2021-10-19_12-07-43_000.mov,,,1,,,,,
2021-10-21_12-09-42_000.mov,,,1,,,,,
2021-11-02_13-02-05_000.mov,,,1,,,,,
2021-11-08_16-13-25_000.mov,,,1,,,,,
2021-11-09_10-01-28_000.mov,,,,,1,,,
2021-12-10_14-54-26_000.mov,,,,1,,,,
2021-12-13_12-12-39_000.mov,,,1,,,,,
2021-12-14_11-05-54_000.mov,,,1,,,,,
2021-12-16_10-34-06_000.mov,,,1,,,,,
2021-12-20_11-45-58_000.mov,,,1,,,,,
2022-01-04_16-07-54_000.mov,,,,1,,,,
2022-01-13_11-06-39_000.mov,,,1,,,,,
2022-01-25_10-35-49_000.mov,,,,,1,,,
2022-01-31_16-25-39_000.mov,,,1,,,,,
2022-02-01_12-08-09_000.mov,,,1,,,,,
2022-02-08_11-25-30_000.mov,,,1,,,,,
2022-02-22_11-11-41_000.mov,,,1,,,,,
2022-02-25_11-34-14_000.mov,,,,,1,Walks without orientation,,
2022-03-25_09-28-34_000.mov,,,1,,,,,
2022-04-01_13-46-21_000.mov,,,,,1,Walks without orientation,,
2022-04-22_12-34-24_000.mov,,,,1,,,,
2022-04-22_14-57-10_000.mov,,,1,,,,,
2022-04-28_10-47-40_000.mov,,,1,,,,,
2022-05-06_10-27-36_000.mov,,,1,,,,,
2022-05-10_13-37-34_000.mov,,,1,,,,,
2022-07-21_12-12-27_000.mov,,,,,1,Seems to smell objects,,
2022-07-21_12-35-36_000.mov,,,1,,,,,
2022-07-25_11-07-09_000.mov,,,1,,,,,
2022-08-05_12-37-33_000.mov,,,1,,,,,
2022-08-09_10-35-02_000.mov,,,1,,,,,
2022-08-18_10-27-33_000.mov,,,,,1,Seems to smell objects,,
2022-08-29_10-46-38_000.mov,,,,1,,,,
2022-09-26_14-52-58_000.mov,,,1,,,,,
2022-09-29_10-40-26_000.mov,,,1,,,,,
2022-10-07_10-21-01_000.mov,,,,,1,Seems to hear calling,,
2022-10-11_09-56-13_000.mov,,,1,,,,,
2022-10-11_10-37-28_000.mov,,,,,1,Seems to hear calling,,
2022-11-18_15-59-50_000.mov,,,,1,,,,
2022-12-05_16-37-25_000.mov,,,1,,,,,
2022-12-06_10-40-31_000.mov,,,1,,,,,
2023-01-09_17-03-29_000.mov,,,,,1,Seems to smell objects,,
2023-01-16_10-41-51_000 (1).mov,,,1,,,,,
2023-01-16_10-41-51_000.mov,,,1,,,,,
2023-01-26_11-45-32_000 (1).mov,,,1,,,,,
2023-01-26_11-45-32_000.mov,,,1,,,,,
2023-01-30_11-07-17_000.mov,,,1,,,,,
2023-01-31_12-51-12_000.mov,,,1,,,,,
2023-02-14_12-32-25_000.mov,,,,,1,Seems to smell objects,,
2023-03-03_10-27-13_000.mov,,,,,1,Seems to smell objects,,
2023-03-10_11-30-13_000.mov,,,1,,,,,
2023-03-16_10-23-03_000.mov,,,1,,,,,
2023-04-04_11-31-17_000.mov,,,1,,,,,
2023-04-10_10-22-53_000.mov,,,1,,,,,
2023-05-04_11-00-40_000.mov,,,1,,,,,
2023-05-05_12-14-04_000.mov,,,1,,,,,
2023-05-16_11-56-37_000.mov,,,1,,,,,
2023-06-08_11-17-33_000.mov,,,1,,,,,
2023-06-09_12-01-57_000.mov,,,1,,,,,
2023-06-13_09-27-56_000.mov,,,,1,,,,
2023-06-16_12-00-41_000.mov,,,1,,,,,
2023-06-29_14-23-32_000.mov,,,,1,,,,
2023-07-11_10-51-50_000.mov,,,1,,,,,
2023-07-14_10-35-28_000.mov,,,1,,,,,
2023-07-28_13-38-42_000.mov,,,1,,,,,
2023-08-03_13-16-43_000.mov,,,1,,,,,
2023-09-08_12-16-26_000.mov,,,1,,,,,
2023-09-12_11-25-07_000.mov,,,,1,,,,
2023-09-14_10-17-33_000.mov,,,,1,,,,
2023-10-06_12-34-00_000.mov,,,1,,,,,
2023-10-12_09-55-49_000.mov,,,1,,,,,
2023-10-16_11-03-30_000.mov,,,1,,,,,
2023-10-17_10-48-43_000.mov,,,1,,,,,
2023-10-27_14-05-34_000.mov,,,1,,,,,
2023-11-09_11-54-49_000.mov,,,1,,,,,
2023-11-14_10-05-28_000.mov,,,1,,,,,
2023-11-22_19-15-28_000.mov,,,1,,,,,
2023-11-30_11-16-30_000.mov,,,,,1,Seems to smell objects,,
2023-12-07_15-09-56_000.mov,,,,1,,,,
2023-12-14_11-10-13_000.mov,,,1,,,,,
2024-01-02_10-09-05_000.mov,,,1,,,,,
2024-01-11_11-11-23_000.mov,,,,,1,Walks very slow,,
2024-01-23_11-51-44_000.mov,,,,1,,,,
2024-02-09_13-37-59_000.mov,,,1,,,,,
2024-02-12_12-30-59_000.mov,,,1,,,,,
2024-02-15_10-45-29_000.mov,,,1,,,,,
2024-02-15_11-50-58_000.mov,,,1,,,,,
2024-02-26_11-16-32_000.mov,,,1,,,,,
2024-03-04_10-43-45_000.mov,,,1,,,,,
2024-03-07_11-02-10_000.mov,,,1,,,,,
2024-03-13_09-35-34_000.mov,,,,1,,,,
2024-03-18_16-09-34_000.mov,,,1,,,,,
2024-03-25_09-27-27_000.mov,,,1,,,,,
2024-03-26_12-15-29_000.mov,,,,,1,Seems to smell objects,,
2024-04-01_11-25-35_000.mov,,,1,,,,,
2024-04-16_10-28-44_000.mov,,,,,1,Hits chair once,,
2024-04-23_11-20-52_000.mov,,,1,,,,,
2024-05-03_12-21-17_000.mov,,,,,1,Walks slow,,
2024-05-06_11-37-54_000.mov,,,1,,,,,
2024-05-06_15-12-00_000.mov,,,,,1,Walks slow,,
2024-05-07_16-17-12_000.mov,,,1,,,,,
2024-05-09_11-10-46_000.mov,,,,,1,Walks without orientation,,
2024-05-16_11-54-35_000.mov,,,1,,,,,
2024-06-17_11-47-49_000.mov,,,1,,,,,
2024-06-21_10-49-08_000.mov,,,,,1,Seems to smell objects,,
2024-07-09_13-01-49_000.mov,,,1,,,,,
2024-07-15_11-54-13_000.mov,,,1,,,,,
2024-07-25_10-46-27_000.mov,,,1,,,,,
2024-07-30_10-45-00_000 (1).mov,,,1,,,,,
2024-08-05_14-33-21_000.mov,,,1,,,,,
2024-08-06_11-34-36_000.mov,,,1,,,,,
2024-08-07_10-09-17_000.mov,,,,1,,,,
2024-08-08_11-46-28_000.mov,,,1,,,,,
2024-08-13_13-02-50_000.mov,,,1,,,head turned to the side,,
2024-08-15_11-00-43_000.mov,,,1,,,,,
2024-08-20_10-59-50_000.mov,,,,,1,,,
2024-08-27_15-16-11_000.mov,,,,,1,,,
2024-08-29_15-26-27_000.mov,,,1,,,,,
2024-09-09_11-10-39_000.mov,,,,,1,walks straight to the owner,,
2024-09-19_10-39-41_000.mov,,,1,,,,,
2024-09-24_14-46-58_000.mov,,,,,1,avoid almost all objects,,
2024-09-26_10-06-32_000.mov,,,,,1,,,
2024-10-01_12-49-28_000.mov,,,,1,,,,
2024-10-01_14-23-11_000.mov,,,1,,,,,
2024-10-28_10-36-22_000.mov,,,1,,,,,
2024-10-28_15-21-57_000.mov,,,,1,,walks fast to the owner,,
2024-10-29_11-19-09_000.mov,,,,,1,,,
2024-10-29_11-21-12_000.mov,,,,1,,,,
2024-10-31_11-26-27_000.mov,,,1,,,,,
2024-11-01_11-05-33_000.mov,,,,,1,,,
2024-12-02_10-38-55_000.mov,,,1,,,,,
2024-12-10_13-14-51_000.mov,,,,1,,,,
2024-12-12_09-36-29_000.mov,,,,1,,,,
2024-12-16_10-10-43_000.mov,,,1,,,,,
2024-12-17_12-23-51_000.mov,,,,,1,relies on owner voice,,
2024-12-17_17-35-27_000.mov,,,,1,,,,
2024-12-19_11-22-54_000.mov,,,1,,,,,
2025-01-13_11-00-32_000.mov,,,1,,,,,
2025-01-14_11-00-54_000.mov,,,,1,,,,
2025-02-03_12-24-18_000.mov,,,,,1,avoid all objects but probadly smells them,,
2025-02-05_09-38-40_000.mov,,,1,,,,,
2025-02-10_11-34-15_000.mov,,,1,,,,,
2025-02-11_10-28-40_000.mov,,,1,,,,,
2025-02-17_10-27-06_000.mov,,,1,,,,,
2025-02-20_11-04-48_000.mov,,,1,,,,,
2025-02-24_11-06-44_000.mov,,,1,,,,,
2025-02-27_11-44-20_000.mov,,,,,1,avoid all objects but probadly smells them,,
2025-03-11_15-01-05_000.mov,,,1,,,,,
2025-03-17_11-25-29_000.mov,,,,,1,,,
2025-03-20_12-54-58_000.mov,,,,,1,,,
2025-03-24_12-10-20_000.mov,,,,,1,,,
2025-04-07_10-34-04_000.mov,,,,1,,walks fast to the owner,,
2025-04-10_09-58-55_000.mov,,,,1,,,,
2025-05-29_10-38-20_000.mov,,,,1,,,,
2025-05-29_11-56-12_000.mov,,,,1,,walks very fast to the owner,,
2025-06-02_10-12-24_000.mov,,,1,,,,,
2025-06-05_11-53-32_000.mov,,,1,,,,,
2025-06-10_11-33-20_000.mov,,,,,,,,
21.wmv,,,,1,,,,
23.wmv,,,1,,,barely walk,,
25.wmv,,,,,1,,,
32.wmv,,,,1,,,,
33.wmv,,,1,,,,,
BAsset-Chief Iowa City.mpg,,,1,,,,,
before intraocular injection.wmv,,,1,,,,,
Benji Jersey - IMR maze.mpg,,,,1,,walks fast to the owner,,
Buddy-SARDs post IVIg no response.mpg,,,,1,,barely walk,,
Cassie686376 Pre.wmv,,,1,,,,,
Duncan1.mpg,,,1,,,,,
FC617017.wmv,,,,,1,,,
IMG_0188.MOV,,,,,1,avoid all objects but probadly smells them,,
IMG_0230.MOV,,,,1,,,,
IMG_0236.MOV,,,,,1,walks aimlessly,,
IMG_0374.MOV,,,,,1,,,
IMG_0484.MOV,,,1,,,uses smell for orientation,,
IMG_0568.MOV,,,1,,,,,
IMG_0979.MOV,,,,1,,,,
IMG_1007.MOV,,,,1,,,,
IMG_1379.MOV,,,,,1,,,
IMG_1915.MOV,,,,,1,,,
IMG_1944.MOV,,,,,1,,,
IMG_2005.MOV,,,1,,,,,
IMG_2040.MOV,,,1,,,,,
IMG_2075.MOV,,,1,,,uses smell for orientation,,
IMG_2089.MOV,,,,,1,,,
IMG_2377.MOV,,,,1,,,,
IMG_2406.MOV,,,,1,,,,
IMG_2431.MOV,,,,1,,,,
IMG_2748.MOV,,,1,,,,,
IMG_3332.MOV,,,1,,,,,
IMG_3481.MOV,,,1,,,,,
IMG_3660.MOV,,,,1,,,,
IMG_3847.MOV,,,,,1,,,
IMG_3855.MOV,,,,,1,,,
IMG_3874.MOV,,,,1,,,,
IMG_3961.MOV,,,,1,,,,
IMG_4079.MOV,,,,,1,,,
IMG_4331.MOV,,,,,1,,,
IMG_4333.MOV,,,,,1,,,
IMG_4345.MOV,,,,,1,walks slow without orientation,,
IMG_4578.MOV,,,,,1,walks slow without clear orientation,,
IMG_4762.MOV,,,,,1,,,
IMG_4849.MOV,,,,1,,,,
IMG_4946.MOV,,,1,,,,,
IMR-Roxy.mpg,,,,1,,,,
Intermediate SARDS Maggie 22 months.wmv,,,,1,,,,
iPhone Aug 31 2016 068.MOV,,,1,,,,,
iPhone Aug 31 2016 083.MOV,,,,,1,Walks very slow,,
iPhone Aug 31 2016 218.MOV,,,1,,,,,
iPhone Aug 31 2016 243.MOV,,,1,,,,,
iPhone Aug 31 2016 313.MOV,,,,,1,,,
iPhone Aug 31 2016 358.MOV,,,1,,,,,
iPhone Aug 31 2016 363.MOV,,,1,,,,,
iPhone Aug 31 2016 368.MOV,,,,,1,,,
iPhone Aug 31 2016 552.MOV,,,,1,,,,
iPhone Aug 31 2016 555.MOV,,,,,1,Walks very slow,,
Luna maze post IVIg 4.mpg,,,,1,,,,
Luna pre IVIg in the room.mpg,,,,1,,,,
M2U00029.MPG,,,1,,,Hits white chair avoid black basket,,
M2U00031.MPG,,,1,,,,,
M2U00034.MPG,,,,1,,,,
M2U00043.MPG,,,,1,,,,
M2U00046.MPG,,,,1,,walks fast to the owner,,
M2U00052.MPG,,,,1,,,,
Maze - blind.avi,,,1,,,,,
Molly pre-IVIg.mpg,,,1,,,,,
Mov10.wmv,,,,1,,,,
Mov21.wmv,,,1,,,,,
Mov25.wmv,,,,,1,Walks very slow,,
Mov27.wmv,,,,1,,walks fast to the owner,,
Mov31.wmv,,,1,,,,,
Mov35.wmv,,,,1,,,,
Mov6.wmv,,,1,,,,,
Mov7.wmv,,,,1,,,,
Mov9.wmv,,,,1,,Walks directly to its owner,,
October 2019 exam room camera videos 003.MPG,,,1,,,,,
October 2019 exam room camera videos 005.MPG,,,,1,,,,
October 2019 exam room camera videos 005.MPG,,,1,,,,,
October 2019 exam room camera videos 009.MPG,,,1,,,,,
October 2019 exam room camera videos 010.MPG,,,,,1,Walks very slow,,
October 2019 exam room camera videos 011.MPG,,,,,1,Walks very slow,,
October 2019 exam room camera videos 013.MPG,,,1,,,,,
October 2019 exam room camera videos 014.MPG,,,,1,,,,
October 2019 exam room camera videos 015.MPG,,,1,,,,,
October 2019 exam room camera videos 018.MPG,,,1,,,,,
October 2019 exam room camera videos 022.MPG,,,1,,,Hits objects,,
October 2019 exam room camera videos 023.MPG,,,,1,,,,
Ripley SARDS hearing smell.wmv,,,1,,,,,
Romi maze before treatment.mpg,,,1,,,,,
Roxi maze 2.mpg,,,,1,,,,
Roxi Maze post IVIg.wmv,,,,1,,,,
Samsung Galaxy 10-2013 113.mp4,,,1,,,,,
Samsung Galaxy 10-2013 895.mp4,,,,1,,,,
SARDs post-IVIg response.wmv,,,,1,,Avoid all objects,,
Sassy maze after retinal illumination4.mpg,,,,,1,Walks slow,,
Sassy SARDS April 29 2016 3 y post IVIg.wmv,,,,1,,,,
Spot2.mpg,,,1,,,Try to smell objects,,
video-2011-10-21-15-28-18.mp4,,,1,,,,,
video-2012-08-10-11-23-45.mp4,,,1,,,,,
video-2012-10-17-14-51-41.mp4,,,,1,,,,